<?xml version="1.0" encoding="UTF-8"?>
<beans xmlns="http://www.springframework.org/schema/beans"
    xmlns:xsi="http://www.w3.org/2001/XMLSchema-instance" xmlns:context="http://www.springframework.org/schema/context"
    xmlns:mvc="http://www.springframework.org/schema/mvc"
    xsi:schemaLocation="http://www.springframework.org/schema/beans http://www.springframework.org/schema/beans/spring-beans.xsd
    http://www.springframework.org/schema/context http://www.springframework.org/schema/context/spring-context.xsd
    http://www.springframework.org/schema/mvc http://www.springframework.org/schema/mvc/spring-mvc.xsd">
 

    <context:component-scan base-package="com.bku.inautix" />
 
    <mvc:annotation-driven />
     
<bean id="testSaveDAOImpl" class="com.bku.inautix.dao.impl.TestSaveDAOImpl">
<property name="dataSource" ref="dataSource" /></bean>
 <bean id="dataSource" class="org.springframework.jndi.JndiObjectFactoryBean">
		 <property name="jndiName" value="jdbc/Test" /> 
         <property name="resourceRef" value="true" />	
	</bean>	
	<bean id="testGroupDAOImpl" class="com.bku.inautix.dao.impl.TestGroupDAOImpl">
<property name="dataSource1" ref="dataSource1" /></bean>
  <bean id="dataSource1" class="org.springframework.jndi.JndiObjectFactoryBean">
		 <property name="jndiName" value="jdbc/Test" /> 
         <property name="resourceRef" value="true" />	
	</bean>	
	 <bean
        class="org.springframework.web.servlet.view.InternalResourceViewResolver">
        <property name="prefix" value="/WEB-INF/jsp/" />
        <property name="suffix" value=".jsp" />
    </bean>
 
</beans>